Name_de,Berufshauptgruppe,probability,isco08
Schauspieler,2,0.4834,2655
Richter,2,0.1679,2612
"Maschinenbautechniker, Techniker im Bereich Systemtechnik, Automation und Unternehmensprozesse",3,0.3214,3115
"Mathematiker, Aktuare und Statistiker",2,0.3372,2120
Führungskräfte in Werbung und Öffentlichkeitsarbeit,1,0.2484,1222
"Fachkräfte für unternehmensbezogene Dienstleistungen, anderweitig nicht genannt",3,0.525,3339
Pflegedienstleiter und Pflegefachkräfte,2,0.3131,2221
Holztrockner und -konservierer,7,0.5473,7521
Bediener von Maschinen zur Herstellung von Papierwaren,8,0.5473,8143
"Bediener stationärer Anlagen und Maschinen, anderweitig nicht genannt",8,0.5473,8189
Pflegedienstleiter und Pflegefachkräfte,2,0.1417,2221
Sprachlehrer,2,0.4027,2353
Gemüseanbauer,6,0.6827,6111
Obst- und Beerenanbauer,6,0.6827,6112
"Gärtner, Gartenbau und Pflanzenproduktion",6,0.6827,6113
Fachkräfte in der Mischkulturlandwirtschaft,6,0.6827,6114
Landwirte mit Ackerbau und Tierhaltung (ohne ausgeprägten Schwerpunkt),6,0.6827,6130
Führer von mobilen land- und forstwirtschaftlichen Maschinen,8,0.6827,8341
"Maschinenbau- , Mechatronik- und Systemtechnikingenieure",2,0.6243,2144
Nahrungsmittel- und Getränkekoster und -klassierer,7,0.2686,7515
Universitäts- und Hochschullehrer,2,0.2539,2310
Flugverkehrslotsen,3,0.1755,3154
Flugmotorenmechaniker und -schlosser,7,0.4576,7232
Berufe der Montage von mechanischen Bauteilen,8,0.5769,8211
Feldscher und vergleichbare paramedizinische Praktiker,2,0.2571,2240
"Personenkraftwagen-, Taxi-, Kleintransporter- und Kleinbusfahrer",8,0.5071,8322
Flugzeugpiloten und verwandte Berufe,3,0.2034,3153
Nutztierhalter (ohne Geflügel) und Milchproduzenten,6,0.6163,6121
Geflügelhalter,6,0.6163,6122
Imker und Seidenraupenzüchter,6,0.6163,6123
"Tierhalter, anderweitig nicht genannt",6,0.6163,6129
Landwirte mit Ackerbau und Tierhaltung (ohne ausgeprägten Schwerpunkt),6,0.6163,6130
Fachkräfte im Bereich Aquakultur,6,0.6163,6221
Universitäts- und Hochschullehrer,2,0.2265,2310
"Soziologen, Anthropologen und verwandte Wissenschaftler",2,0.1434,2632
"Biologen, Botaniker, Zoologen und verwandte Berufe",2,0.34,2131
"Juristen, anderweitig nicht genannt",2,0.1093,2619
"Architekten, Innenarchitekten",2,0.3234,2161
Universitäts- und Hochschullehrer,2,0.2268,2310
Führungskräfte in Forschung und Entwicklung,1,0.3427,1223
Archiv- und Museumswissenschaftler,2,0.3698,2621
Regisseure und Produzenten im Film- und Bühnenbereich sowie in verwandten Bereichen,2,0.3409,2654
Universitäts- und Hochschullehrer,2,0.4793,2310
Universitäts- und Hochschullehrer,2,0.3467,2310
Athleten und Berufssportler,3,0.5221,3421
Trainer und Betreuer im Bereich Fitness und Erholung,3,0.3194,3423
Physiker und Astronomen,2,0.2493,2111
Audiologen und Sprachtherapeuten,2,0.2328,2266
Meteorologen,2,0.3758,2112
Techniker für Rundfunk und audiovisuelle Medien,3,0.4668,3521
Universitäts- und Hochschullehrer,2,0.2619,2310
"Maschinenbautechniker, Techniker im Bereich Systemtechnik, Automation und Unternehmensprozesse",3,0.2327,3115
Kraftfahrzeugmechaniker und -schlosser,7,0.4701,7231
Kraftfahrzeugmechaniker und -schlosser,7,0.7458,7231
Kontrolleure und Beauftragte in den Bereichen Umwelt- und Arbeitsmedizin sowie verwandte Berufe,3,0.2499,3257
Elektroniker und Elektronik-Servicetechniker,7,0.3027,7421
"Boten, Paketauslieferer und Gepäckträger",9,0.6694,9621
"Bäcker, Konditoren und Konfektmacher",7,0.6577,7512
Coiffeurs,5,0.6589,5141
Inkassobeauftragte und verwandte Berufe,4,0.429,4214
Barkeeper,5,0.6394,5132
"Biologen, Botaniker, Zoologen und verwandte Berufe",2,0.453,2131
Führungskräfte in der Produktion von Waren,1,0.3634,1321
Steuerer von Verbrennungs- und Wasserbehandlungsanlagen,3,0.3575,3132
"Bediener von Maschinen zur Herstellung und Verarbeitung von Zement, Steinen und sonstigen Mineralien",8,0.3575,8114
"Ingenieure, anderweitig nicht genannt",2,0.4777,2149
Universitäts- und Hochschullehrer,2,0.164,2310
Führungskräfte in Forschung und Entwicklung,1,0.4131,1223
"Statistische, mathematische und verwandte Fachkräfte",3,0.4772,3314
"Biologen, Botaniker, Zoologen und verwandte Berufe",2,0.4439,2131
"Biologen, Botaniker, Zoologen und verwandte Berufe",2,0.287,2131
Steuerer von Energieerzeugungsanlagen,3,0.706,3131
Führungskräfte in der Produktion von Waren,1,0.2822,1321
"Mathematiker, Aktuare und Statistiker",2,0.2653,2120
Blechkaltverformer,7,0.3051,7213
Fachkräfte im Rechnungswesen,3,0.4517,3313
Bürokräfte im Rechnungswesen und in der Buchhaltung,4,0.4517,4311
Maurer und verwandte Berufe,7,0.7442,7112
"Kranführer, Aufzugmaschinisten und Bediener verwandter Hebeeinrichtungen",8,0.6415,8343
"Sprecher im Rundfunk, Fernsehen und sonstigen Medien",2,0.3132,2656
"Bürokräfte in der Statistik, im Finanz- und Versicherungswesen",4,0.2841,4312
Leitende Bedienstete von Interessenorganisationen,1,0.3037,1114
Führungskräfte in Unternehmenspolitik und -planung,1,0.3037,1213
"Führungskräfte in der betrieblichen Administration und in unternehmensbezogenen Dienstleistungen, anderweitig nicht genannt",1,0.3037,1219
Führungskräfte in der Produktion im Bergbau,1,0.3037,1322
"Führungskräfte in der Erbringung von spezialisierten Dienstleistungen, anderweitig nicht genannt",1,0.3037,1349
"Führungskräfte in der Erbringung von Dienstleistungen im Bereich Sport, Erholung und Kultur",1,0.3037,1431
"Führungskräfte in der Erbringung von Dienstleistungen, anderweitig nicht genannt",1,0.3037,1439
Universitäts- und Hochschullehrer,2,0.2362,2310
Kraftfahrzeugmechaniker und -schlosser,7,0.4578,7231
Einkäufer,3,0.3685,3323
Möbeltischler und verwandte Berufe,7,0.7201,7522
"Wirtschaftsprüfer, Steuerberater und verwandte Berufe",2,0.3159,2411
"Metzger, Fischhändler und -verarbeiter und verwandte Berufe",7,0.7385,7511
Spezialisten in der strategischen Planung in Politik und Wirtschaft,2,0.3752,2422
"Fachkräfte für unternehmensbezogene Dienstleistungen, anderweitig nicht genannt",3,0.3752,3339
Techniker für Rundfunk und audiovisuelle Medien,3,0.7804,3521
"Assistenzberufe im Gesundheitswesen, anderweitig nicht genannt",3,0.3838,3259
"Schiffsführer, nautische Schiffsoffiziere und Schiffslotsen",3,0.4595,3152
Lehrkräfte im Bereich Berufsbildung,2,0.4431,2320
"Zimmerleute, Bautischler, Storenmonteure, Bootbauer",7,0.3938,7115
Lehrkräfte im Bereich Berufsbildung,2,0.3635,2320
Boden- und Fliesenleger,7,0.7032,7122
Kartografen und Vermessungsingenieure,2,0.3789,2165
Chemieingenieure,2,0.6848,2145
"Küchenchefs, stv. Küchenchefs und Souschefs",3,0.268,3434
"Betonierer, Betonoberflächenfertiger und verwandte Berufe",7,0.7417,7114
Bediener von Anlagen und Maschinen für chemische Erzeugnisse,8,0.6986,8131
Chemo- und Physikotechniker,3,0.4878,3111
Chemiker,2,0.3053,2113
Universitäts- und Hochschullehrer,2,0.3603,2310
Steuerer von chemischen Verfahrensanlagen,3,0.3375,3133
Leitende Verwaltungsbedienstete,1,0.3474,1112
Traditionelle Dorf- und Stammeshäuptlinge,1,0.3474,1113
Geschäftsführer und Vorstände,1,0.3474,1120
Leitende Verwaltungsbedienstete,1,0.2174,1112
Traditionelle Dorf- und Stammeshäuptlinge,1,0.2174,1113
Geschäftsführer und Vorstände,1,0.2174,1120
Sozialarbeiter,2,0.1915,2635
Kinderbetreuer,5,0.6429,5311
Tänzer und Choreografen,2,0.2653,2653
Bauführer und Bautechniker,3,0.2913,3112
Schätzer und Schadensgutachter,3,0.1872,3315
"Reinigungspersonal und Hilfskräfte in Büros, Hotels und anderen Einrichtungen",9,0.661,9112
Fahrzeugreiniger,9,0.661,9122
Bediener von Anlagen zur Zellstoff- und Papierherstellung,8,0.6797,8171
Geistliche Seelsorger,2,0.1452,2636
Pflegedienstleiter und Pflegefachkräfte,2,0.14,2221
Führungskräfte in Forschung und Entwicklung,1,0.2039,1223
"Sportlehrer, Sporttrainer und Sportfunktionäre",3,0.4002,3422
"Zählerableser, Automatenbefüller und -kassierer",9,0.3655,9623
Produkt- und Textildesigner,2,0.8351,2163
Taucher,7,0.2858,7541
Universitäts- und Hochschullehrer,2,0.3045,2310
Flugzeugpiloten und verwandte Berufe,3,0.2325,3153
Führungskräfte im Personalwesen,1,0.3289,1212
Berufsberater und -analytiker und vergleichbare Spezialisten der Personalwesen,2,0.3406,2423
Leitende Bedienstete von Interessenorganisationen,1,0.1717,1114
Führungskräfte in Unternehmenspolitik und -planung,1,0.1717,1213
"Führungskräfte in der betrieblichen Administration und in unternehmensbezogenen Dienstleistungen, anderweitig nicht genannt",1,0.1717,1219
Führungskräfte in der Produktion im Bergbau,1,0.1717,1322
"Führungskräfte in der Erbringung von spezialisierten Dienstleistungen, anderweitig nicht genannt",1,0.1717,1349
"Führungskräfte in der Erbringung von Dienstleistungen im Bereich Sport, Erholung und Kultur",1,0.1717,1431
"Führungskräfte in der Erbringung von Dienstleistungen, anderweitig nicht genannt",1,0.1717,1439
Führungskräfte in der Erbringung von Dienstleistungen im Bereich Informations- und Kommunikationstechnologie,1,0.4886,1330
Universitäts- und Hochschullehrer,2,0.3711,2310
Hilfsarbeiter im Hochbau,9,0.6265,9313
Elektroniker und Elektronik-Servicetechniker,7,0.5736,7421
Installateure und Servicetechniker im Bereich Informations- und Kommunikationstechnik,7,0.5736,7422
Bauführer und Bautechniker,3,0.3458,3112
Führungskräfte in der Produktion im Bau,1,0.2528,1323
Rohbaufacharbeiter im Hochbau,7,0.2528,7111
Bergleute und Grubenarbeiter,8,0.6646,8111
Automatiker und verwandte Berufe,7,0.4766,7412
"Bediener stationärer Anlagen und Maschinen, anderweitig nicht genannt",8,0.6216,8189
Zubereiter von Fast Food und anderen Imbissen,9,0.5299,9411
Köche,5,0.5585,5120
Köche,5,0.6967,5120
Köche,5,0.6822,5120
Fachkräfte im Zolldienst und Grenzschutz,3,0.1494,3351
Fachkräfte in Sozialverwaltung und -versicherung,3,0.1494,3353
"Fachkräfte bei staatlichen Pass-, Lizenz- und Genehmigungsstellen",3,0.1494,3354
Bediener von Maschinen zur Herstellung von Nahrungs- und Genussmitteln,8,0.6045,8160
"Bediener stationärer Anlagen und Maschinen, anderweitig nicht genannt",8,0.6045,8189
Köche,5,0.8515,5120
Zubereiter von Fast Food und anderen Imbissen,9,0.8515,9411
Gefängnisaufseher,5,0.2552,5413
"Fachkräfte für unternehmensbezogene Dienstleistungen, anderweitig nicht genannt",3,0.2297,3339
Sonstige Fachkräfte in Gestaltung und Kultur,3,0.5485,3435
Postverteiler und -sortierer,4,0.5823,4412
Motorradfahrer,8,0.5823,8321
Führer von Handwagen und pedalbetriebenen Fahrzeugen,9,0.5823,9331
"Boten, Paketauslieferer und Gepäckträger",9,0.5823,9621
"Verkaufskräfte, anderweitig nicht genannt",5,0.6937,5249
"Fachkräfte bei staatlichen Pass-, Lizenz- und Genehmigungsstellen",3,0.4152,3354
Bildende Künstler,2,0.8039,2651
Finanzanalysten,2,0.1213,2413
"Kranführer, Aufzugmaschinisten und Bediener verwandter Hebeeinrichtungen",8,0.6318,8343
Universitäts- und Hochschullehrer,2,0.1511,2310
Pflegedienstleiter und Pflegefachkräfte,2,0.2615,2221
Archiv- und Museumswissenschaftler,2,0.2829,2621
"Schutzkräfte und Sicherheitsbedienstete, anderweitig nicht genannt",5,0.4558,5419
Bediener von Mineral- und Gesteinsaufbereitungsanlagen,8,0.6951,8112
Fachkräfte im Zolldienst und Grenzschutz,3,0.3787,3351
Fachkräfte in Sozialverwaltung und -versicherung,3,0.3787,3353
"Fachkräfte bei staatlichen Pass-, Lizenz- und Genehmigungsstellen",3,0.3787,3354
"Glasmacher, -schneider, -schleifer und -veredler",7,0.6126,7315
Schnittmustermacher und Zuschneider,7,0.6126,7532
Fachkräfte im Zolldienst und Grenzschutz,3,0.1426,3351
Polizisten (ohne Polizeikommissare),5,0.1426,5412
Kundeninformationsfachkräfte in Call Centers,4,0.623,4222
Medizintechniker im Bereich Labor und Pathologie,3,0.2575,3212
Werkzeugmaschineneinrichter und -bediener,7,0.6397,7223
Medizintechniker im Bereich Labor und Pathologie,3,0.2854,3212
Datenerfasser,4,0.6369,4132
Tänzer und Choreografen,2,0.6856,2653
Zahnmedizinische Assistenten und Dentalhygieniker,3,0.5556,3251
"Betreuungsberufe im Gesundheitswesen, anderweitig nicht genannt",5,0.5556,5329
Zahnärzte,2,0.2876,2261
Tiefbohrer und verwandte Berufe,8,0.4853,8113
Polizeikommissare und Kriminalbeamte,3,0.1746,3355
"Assistenzberufe im Gesundheitswesen, anderweitig nicht genannt",3,0.4711,3259
Medizintechniker im Bereich bildgebende Verfahren und Therapiegeräte,3,0.553,3211
Diätologen und Ernährungsberater,2,0.2271,2265
Hilfsköche und Küchengehilfen,9,0.9123,9412
Bürokräfte in der Transportwirtschaft und verwandte Berufe,4,0.3238,4323
"Führer von Erdbewegungs- und verwandten Maschinen, Strassenbau und Baumaschinen",8,0.8836,8342
Werkzeugmaschineneinrichter und -bediener,7,0.7339,7223
Verkaufsstand- und Marktverkäufer,5,0.6539,5211
Strassenverkäufer von Lebensmitteln,5,0.6539,5212
Haustürverkäufer,5,0.6539,5243
Strassenverkäufer (ohne Lebensmittel),9,0.6539,9520
"Gipser, Trockenbauer",7,0.6954,7123
Universitäts- und Hochschullehrer,2,0.2632,2310
Führungskräfte in der Erbringung von Dienstleistungen der Kinderbetreuung,1,0.2,1341
Universitäts- und Hochschullehrer,2,0.2676,2310
Führungskräfte in der Erbringung von Dienstleistungen des Bildungswesens,1,0.1386,1345
Führungskräfte in der Erbringung von Dienstleistungen des Bildungswesens,1,0.2244,1345
Volkswirtschaftler,2,0.2162,2631
Automatiker und verwandte Berufe,7,0.5731,7412
Berufe der Montage von elektrischen und elektronischen Geräten,8,0.5774,8212
Technische Zeichner,3,0.7375,3118
Automatiker und verwandte Berufe,7,0.594,7412
Elektroniker und Elektronik-Servicetechniker,7,0.594,7421
Installateure und Servicetechniker im Bereich Informations- und Kommunikationstechnik,7,0.594,7422
Automatiker und verwandte Berufe,7,0.6871,7412
Elektroniker und Elektronik-Servicetechniker,7,0.6871,7421
Automatiker und verwandte Berufe,7,0.3647,7412
Elektroniker und Elektronik-Servicetechniker,7,0.3647,7421
Ingenieure im Bereich Elektrotechnik,2,0.472,2151
Elektroleitungsinstallateure und Wartungspersonal,7,0.258,7413
Bauelektriker und verwandte Berufe,7,0.1896,7411
Elektrotechniker,3,0.2924,3113
"Maschinenbautechniker, Techniker im Bereich Systemtechnik, Automation und Unternehmensprozesse",3,0.2924,3115
Berufe der Montage von elektrischen und elektronischen Geräten,8,0.6546,8212
Automatiker und verwandte Berufe,7,0.2895,7412
Elektroniker und Elektronik-Servicetechniker,7,0.2895,7421
Lehrkräfte im Primarbereich,2,0.1759,2341
Ingenieure im Bereich Telekommunikationstechnik,2,0.6915,2153
Automatiker und verwandte Berufe,7,0.2525,7412
Fachkräfte in Sozialverwaltung und -versicherung,3,0.1677,3353
Leitende Verwaltungsbedienstete,1,0.1701,1112
Bestatter und Einbalsamierer,5,0.6617,5163
"Assistenzberufe im Gesundheitswesen, anderweitig nicht genannt",3,0.6163,3259
"Betreuungsberufe im Gesundheitswesen, anderweitig nicht genannt",5,0.6163,5329
Bauführer und Bautechniker,3,0.3372,3112
"Ingenieure, anderweitig nicht genannt",2,0.3934,2149
Berufe der Montage von mechanischen Bauteilen,8,0.6903,8211
Universitäts- und Hochschullehrer,2,0.2659,2310
Universitäts- und Hochschullehrer,2,0.1374,2310
Fachkräfte im Zolldienst und Grenzschutz,3,0.2658,3351
Fachkräfte in Sozialverwaltung und -versicherung,3,0.2658,3353
"Fachkräfte bei staatlichen Pass-, Lizenz- und Genehmigungsstellen",3,0.2658,3354
Volkswirtschaftler,2,0.298,2631
Umweltschutzingenieure,2,0.2128,2143
"Material- und ingenieurtechnische Fachkräfte, anderweitig nicht genannt",3,0.2885,3119
Universitäts- und Hochschullehrer,2,0.1845,2310
Fachkräfte im Zolldienst und Grenzschutz,3,0.1887,3351
Fachkräfte in Sozialverwaltung und -versicherung,3,0.1887,3353
"Fachkräfte bei staatlichen Pass-, Lizenz- und Genehmigungsstellen",3,0.1887,3354
"Biologen, Botaniker, Zoologen und verwandte Berufe",2,0.1419,2131
"Schildermaler, Dekormaler, Graveure und Ätzer",7,0.8265,7316
Berufe der Montage von elektrischen und elektronischen Geräten,8,0.8265,8212
Sekretariatsfachkräfte in Verwaltung und Geschäftsleitung,3,0.5411,3343
Trainer und Betreuer im Bereich Fitness und Erholung,3,0.7435,3423
Physiotherapeuten,2,0.2658,2264
Bediener von Maschinen zur Herstellung von Gummiwaren,8,0.6325,8141
Bediener von Maschinen zur Herstellung von Nahrungs- und Genussmitteln,8,0.6325,8160
Bediener von Anlagen zur Glas- und Keramikherstellung,8,0.6325,8181
Werkzeugmaschineneinrichter und -bediener,7,0.7399,7223
Bediener von Anlagen in der Metallerzeugung und -umformung,8,0.7399,8121
Bediener von Maschinen zur Herstellung von Kunststoffwaren,8,0.7399,8142
Forstarbeitskräfte und verwandte Berufe,6,0.7204,6210
Schnittmustermacher und Zuschneider,7,0.532,7532
Universitäts- und Hochschullehrer,2,0.3355,2310
"Agrar-, Forst- und Fischereiwissenschaftler und -berater",2,0.2503,2132
Ackerbauern für den Eigenbedarf,6,0.588,6310
Ackerbauern und Nutztierhalter (ohne ausgeprägten Schwerpunkt) für den Eigenbedarf,6,0.588,6330
Hilfsarbeiter im Gemüse- und Obstbau,9,0.588,9211
Hilfsarbeiter in Ackerbau und Tierhaltung (ohne ausgeprägten Schwerpunkt),9,0.588,9213
Hilfsarbeiter im Gartenbau,9,0.588,9214
Nutztierhalter für den Eigenbedarf,6,0.5696,6320
Ackerbauern und Nutztierhalter (ohne ausgeprägten Schwerpunkt) für den Eigenbedarf,6,0.5696,6330
Hilfsarbeiter in der Tierhaltung,9,0.5696,9212
Hilfsarbeiter in Ackerbau und Tierhaltung (ohne ausgeprägten Schwerpunkt),9,0.5696,9213
Hilfsarbeiter in der Fischerei und Aquakultur,9,0.5696,9216
"Baukonstruktions- und verwandte Berufe, anderweitig nicht genannt",7,0.761,7119
Bürokräfte für Registratur und Dokumentation,4,0.5194,4415
Finanzanalysten,2,0.1325,2413
Führungskräfte im Bereich Finanzen,1,0.193,1211
Führungskräfte in der Erbringung von Finanz- und Versicherungsdienstleistungen,1,0.193,1346
"Fachkräfte für unternehmensbezogene Dienstleistungen, anderweitig nicht genannt",3,0.3902,3339
Bauführer und Bautechniker,3,0.2467,3112
"Material- und ingenieurtechnische Fachkräfte, anderweitig nicht genannt",3,0.2467,3119
Bildende Künstler,2,0.738,2651
Feuerwehrleute,5,0.3568,5411
"Gärtner, Gartenbau und Pflanzenproduktion",6,0.6782,6113
Kammerjäger und andere Schädlingsbekämpfungsberufe,7,0.6782,7544
Bauführer und Bautechniker,3,0.3311,3112
"Material- und ingenieurtechnische Fachkräfte, anderweitig nicht genannt",3,0.3311,3119
Feuerwehrleute,5,0.3311,5411
Gefängnisaufseher,5,0.1405,5413
Gemüseanbauer,6,0.6074,6111
Obst- und Beerenanbauer,6,0.6074,6112
Fachkräfte in der Mischkulturlandwirtschaft,6,0.6074,6114
Nutztierhalter (ohne Geflügel) und Milchproduzenten,6,0.6074,6121
Geflügelhalter,6,0.6074,6122
Imker und Seidenraupenzüchter,6,0.6074,6123
"Tierhalter, anderweitig nicht genannt",6,0.6074,6129
Landwirte mit Ackerbau und Tierhaltung (ohne ausgeprägten Schwerpunkt),6,0.6074,6130
Forstarbeitskräfte und verwandte Berufe,6,0.6074,6210
Fachkräfte im Bereich Aquakultur,6,0.6074,6221
Binnen- und Küstenfischer,6,0.6074,6222
Hochseefischer,6,0.6074,6223
Jäger und Fallensteller,6,0.6074,6224
Poliere und Vorarbeiter,3,0.5245,3123
"Küchenchefs, stv. Küchenchefs und Souschefs",3,0.2666,3434
Köche,5,0.2666,5120
"Klima-, Kälte, und Lüftungsanlagenbauer",7,0.2159,7127
Kraftfahrzeugmechaniker und -schlosser,7,0.2159,7231
Flugmotorenmechaniker und -schlosser,7,0.2159,7232
Landmaschinen- und Industriemaschinenmechaniker und -schlosser,7,0.2159,7233
Fahrradmechaniker und verwandte Berufe,7,0.2159,7234
"Uhrmacher, Uhrenarbeiter, Mikromechaniker",7,0.2159,7311
Musikinstrumentenbauer und -stimmer,7,0.2159,7312
Automatiker und verwandte Berufe,7,0.2159,7412
Elektroleitungsinstallateure und Wartungspersonal,7,0.2159,7413
Elektroniker und Elektronik-Servicetechniker,7,0.2159,7421
Installateure und Servicetechniker im Bereich Informations- und Kommunikationstechnik,7,0.2159,7422
Technische Verkaufsfachkräfte (ohne Informations- und Kommunikationstechnologie),2,0.2363,2433
Technische Verkaufsfachkräfte in der Informations- und Kommunikationstechnologie,2,0.2363,2434
"Wertpapierhändler, -makler und Finanzmakler",3,0.2363,3311
Versicherungsvertreter,3,0.2363,3321
Verkaufsfachkräfte,3,0.2363,3322
Handelsmakler,3,0.2363,3324
Immobilienmakler und -verwalter,3,0.2363,3334
"Fachkräfte für unternehmensbezogene Dienstleistungen, anderweitig nicht genannt",3,0.2363,3339
Reiseverkehrsfachkräfte,4,0.2363,4221
Fachkräfte im Zolldienst und Grenzschutz,3,0.2537,3351
Polizeikommissare und Kriminalbeamte,3,0.2537,3355
Polizisten (ohne Polizeikommissare),5,0.2537,5412
Verkaufsaufsichtskräfte in Handelsgeschäften,5,0.6532,5222
"Schutzkräfte und Sicherheitsbedienstete, anderweitig nicht genannt",5,0.3349,5419
Reisebegleiter und Stewards,5,0.3601,5111
Boden- und Fliesenleger,7,0.5991,7122
Boden- und Fliesenleger,7,0.8233,7122
Bediener von Maschinen zur Herstellung von Nahrungs- und Genussmitteln,8,0.7178,8160
Bediener von Maschinen zur Herstellung von Nahrungs- und Genussmitteln,8,0.7502,8160
Obst- und Gemüsekonservierer und verwandte Berufe,7,0.7083,7514
Bediener von Maschinen zur Herstellung von Nahrungs- und Genussmitteln,8,0.7083,8160
Hilfsköche und Küchengehilfen,9,0.5766,9412
"Biologen, Botaniker, Zoologen und verwandte Berufe",2,0.339,2131
Strassenverkäufer von Lebensmitteln,5,0.6792,5212
Universitäts- und Hochschullehrer,2,0.4916,2310
Führungskräfte in Restaurants,1,0.2802,1412
Forstarbeitskräfte und verwandte Berufe,6,0.6411,6210
"Material- und ingenieurtechnische Fachkräfte, anderweitig nicht genannt",3,0.5091,3119
Werkzeugmaschineneinrichter und -bediener,7,0.6572,7223
Bediener von Maschinen zur Herstellung von Kunststoffwaren,8,0.6572,8142
Former und Kernmacher (für Metallguss),7,0.7984,7211
Universitäts- und Hochschullehrer,2,0.4073,2310
"Agrar-, Forst- und Fischereiwissenschaftler und -berater",2,0.4915,2132
"Fachkräfte für unternehmensbezogene Dienstleistungen, anderweitig nicht genannt",3,0.1959,3339
Bestatter und Einbalsamierer,5,0.6327,5163
Kassierer und Kartenverkäufer,5,0.4879,5230
Möbeltischler und verwandte Berufe,7,0.713,7522
"Buchmacher, Croupiers und verwandte Berufe im Bereich Glücks- und Wettspiele",4,0.2414,4212
Bediener von Maschinen zur Herstellung von Gummiwaren,8,0.5755,8141
"Buchmacher, Croupiers und verwandte Berufe im Bereich Glücks- und Wettspiele",4,0.3656,4212
"Buchmacher, Croupiers und verwandte Berufe im Bereich Glücks- und Wettspiele",4,0.3707,4212
"Führungskräfte in der Erbringung von Dienstleistungen im Bereich Sport, Erholung und Kultur",1,0.2907,1431
Fachkräfte für Rechts- und verwandte Angelegenheiten,3,0.3954,3411
Sicherheitsdienstleistungspersonal,5,0.3954,5414
Steuerer von Erdöl- und Erdgasraffinationsanlagen,3,0.7692,3134
Schmuckwarenhersteller und Edelmetallbearbeiter,7,0.797,7313
Leitende Verwaltungsbedienstete,1,0.2105,1112
Leitende Bedienstete von Interessenorganisationen,1,0.2105,1114
Geschäftsführer und Vorstände,1,0.2105,1120
Führungskräfte in der Erbringung von Dienstleistungen für Menschen im Alter,1,0.2105,1343
Führungskräfte in der Erbringung von Finanz- und Versicherungsdienstleistungen,1,0.2105,1346
Führungskräfte in Gross- und Einzelhandel,1,0.2105,1420
Leiter eines Einzelhandelsgeschäftes,5,0.2105,5221
Kartografen und Vermessungsingenieure,2,0.4169,2165
"Biologen, Botaniker, Zoologen und verwandte Berufe",2,0.2445,2131
"Soziologen, Anthropologen und verwandte Wissenschaftler",2,0.2218,2632
Geologen und Geophysiker,2,0.2799,2114
Universitäts- und Hochschullehrer,2,0.4335,2310
Führungskräfte in der Produktion von Waren,1,0.3719,1321
Glaser,7,0.606,7125
Keramiker und verwandte Berufe,7,0.8285,7314
"Glasmacher, -schneider, -schleifer und -veredler",7,0.8285,7315
Tabakaufbereiter und Tabakwarenmacher,7,0.8285,7516
Bediener von Anlagen zur Glas- und Keramikherstellung,8,0.8285,8181
Fachkräfte im Zolldienst und Grenzschutz,3,0.1851,3351
Fachkräfte in Sozialverwaltung und -versicherung,3,0.1851,3353
"Fachkräfte bei staatlichen Pass-, Lizenz- und Genehmigungsstellen",3,0.1851,3354
Nahrungsmittel- und Getränkekoster und -klassierer,7,0.7806,7515
Tabakaufbereiter und Tabakwarenmacher,7,0.7806,7516
"Pelzveredler, Gerber und Fellzurichter",7,0.7806,7535
Grafik- und Multimediadesigner,2,0.6966,2166
"Metallpolierer, Rundschleifer und Werkzeugschärfer",7,0.8648,7224
"Glasmacher, -schneider, -schleifer und -veredler",7,0.8648,7315
Spezialisten in den Bereichen Umwelt- und Arbeitsmedizin sowie Hygiene,2,0.2542,2263
Werkzeugmaschineneinrichter und -bediener,7,0.6683,7223
Bediener von Maschinen zur Herstellung von Kunststoffwaren,8,0.6683,8142
Coiffeurs,5,0.7339,5141
Kosmetiker und verwandte Berufe,5,0.7339,5142
"Baukonstruktions- und verwandte Berufe, anderweitig nicht genannt",7,0.3501,7119
Hilfsarbeiter im Hochbau,9,0.8242,9313
Universitäts- und Hochschullehrer,2,0.2366,2310
Sozialarbeiter,2,0.2009,2635
Bediener von Anlagen in der Metallerzeugung und -umformung,8,0.5042,8121
Bediener von Maschinen zur Herstellung von Kunststoffwaren,8,0.5042,8142
Fahrer schwerer Lastkraftwagen,8,0.4968,8332
Hilfsarbeiter im Hochbau,9,0.7347,9313
Hilfsarbeiter im Bergbau und in der Gewinnung von Steinen und Erden,9,0.7628,9311
"Hilfsarbeiter bei der Herstellung von Waren, anderweitig nicht genannt",9,0.6113,9329
"Kranführer, Aufzugmaschinisten und Bediener verwandter Hebeeinrichtungen",8,0.4112,8343
Hilfsarbeiter im Hochbau,9,0.7346,9313
Hilfsarbeiter im Tiefbau,9,0.723,9312
Hilfsarbeiter im Hochbau,9,0.7299,9313
Gelegenheitsarbeiter,9,0.55,9622
Hilfsarbeiter im Hochbau,9,0.6626,9313
Hilfsarbeiter im Hochbau,9,0.4044,9313
Universitäts- und Hochschullehrer,2,0.1202,2310
"Philosophen, Historiker und Politologen",2,0.2089,2633
Automatiker und verwandte Berufe,7,0.5489,7412
Führungskräfte im Personalwesen,1,0.2094,1212
Prozess- und Produktionsingenieure,2,0.7556,2141
Geologen und Geophysiker,2,0.2046,2114
Berufsberater und -analytiker und vergleichbare Spezialisten der Personalwesen,2,0.239,2423
Arbeits- und Personalvermittler,3,0.239,3333
Führungskräfte in der Produktion von Waren,1,0.3281,1321
Hotelrezeptionisten,4,0.7074,4224
"Berufe im Bereich personenbezogener Dienstleistungen, anderweitig nicht genannt",5,0.4229,5169
"Material- und ingenieurtechnische Fachkräfte, anderweitig nicht genannt",3,0.7192,3119
Steuerer von Energieerzeugungsanlagen,3,0.2628,3131
Psychologen,2,0.2039,2634
Führungskräfte in der Produktion von Waren,1,0.2345,1321
Prozess- und Produktionsingenieure,2,0.4324,2141
Pädagogik- und Didaktikspezialisten,2,0.2669,2351
Isolierer,7,0.8584,7124
Isolierer,7,0.5324,7124
Versicherungsvertreter,3,0.3403,3321
Schätzer und Schadensgutachter,3,0.416,3315
Versicherungsvertreter,3,0.4725,3321
Polizeikommissare und Kriminalbeamte,3,0.223,3355
"Übersetzer, Dolmetscher und andere Linguisten",2,0.631,2643
Fachkräfte für Rechts- und verwandte Angelegenheiten,3,0.2617,3411
Raumgestalter und Dekorateure,3,0.3395,3432
Richter,2,0.081,2612
Führungskräfte im Bereich Finanzen,1,0.2604,1211
Führungskräfte in der Erbringung von Finanz- und Versicherungsdienstleistungen,1,0.2604,1346
Hauswarte,5,0.7181,5153
"Reinigungspersonal und Hilfskräfte in Büros, Hotels und anderen Einrichtungen",9,0.7181,9112
Lehrkräfte und Erzieher im Vorschulbereich,2,0.376,2342
Werkzeugmaschineneinrichter und -bediener,7,0.6939,7223
Universitäts- und Hochschullehrer,2,0.2027,2310
Landschaftsarchitekten,2,0.3338,2162
Blechkaltverformer,7,0.6132,7213
Werkzeugmechaniker und verwandte Berufe,7,0.6132,7222
"Hilfsarbeiter bei der Herstellung von Waren, anderweitig nicht genannt",9,0.5307,9329
Frachtarbeiter und verwandte Berufe,9,0.5307,9333
Wasserträger und Brennholzsammler,9,0.5307,9624
Bediener von Wäschereimaschinen,8,0.5891,8157
Sekretariatsfachkräfte im juristischen Bereich,3,0.3501,3342
Anwälte,2,0.2407,2611
Hilfsarbeiter im Gartenbau,9,0.8021,9214
Bibliotheksassistenten,4,0.637,4411
Universitäts- und Hochschullehrer,2,0.2799,2310
"Schutzkräfte und Sicherheitsbedienstete, anderweitig nicht genannt",5,0.4786,5419
"Personenkraftwagen-, Taxi-, Kleintransporter- und Kleinbusfahrer",8,0.5399,8322
Fachkräfte Gesundheit und Pflege (mittlere Stufe),3,0.2487,3221
Führungskräfte in Hotels,1,0.3928,1411
Lokomotivführer,8,0.5076,8311
Spezialisten im Bereich Management- und Organisationsanalyse,2,0.224,2421
Forstarbeitskräfte und verwandte Berufe,6,0.5253,6210
Werkzeugmechaniker und verwandte Berufe,7,0.3962,7222
Forstarbeitskräfte und verwandte Berufe,6,0.731,6210
Führer von mobilen land- und forstwirtschaftlichen Maschinen,8,0.731,8341
Spezialisten im Bereich Management- und Organisationsanalyse,2,0.4519,2421
Werkzeugmaschineneinrichter und -bediener,7,0.5295,7223
Spezialisten im Bereich Management- und Organisationsanalyse,2,0.6239,2421
"Spezialisten in Gesundheitsberufen, anderweitig nicht genannt",2,0.4412,2269
Leitende Bedienstete von Interessenorganisationen,1,0.2951,1114
Führungskräfte in Unternehmenspolitik und -planung,1,0.2951,1213
"Führungskräfte in der betrieblichen Administration und in unternehmensbezogenen Dienstleistungen, anderweitig nicht genannt",1,0.2951,1219
Führungskräfte in der Produktion im Bergbau,1,0.2951,1322
"Führungskräfte in der Erbringung von spezialisierten Dienstleistungen, anderweitig nicht genannt",1,0.2951,1349
"Führungskräfte in der Erbringung von Dienstleistungen im Bereich Sport, Erholung und Kultur",1,0.2951,1431
"Führungskräfte in der Erbringung von Dienstleistungen, anderweitig nicht genannt",1,0.2951,1439
"Hilfsarbeiter bei der Herstellung von Waren, anderweitig nicht genannt",9,0.6182,9329
Kosmetiker und verwandte Berufe,5,0.8307,5142
Postverteiler und -sortierer,4,0.5125,4412
Spezialisten im Bereich Management- und Organisationsanalyse,2,0.345,2421
Kosmetiker und verwandte Berufe,5,0.6102,5142
Reinigungspersonal und Hilfskräfte in Privathaushalten,9,0.5938,9111
"Reinigungspersonal und Hilfskräfte in Büros, Hotels und anderen Einrichtungen",9,0.5938,9112
Landmaschinen- und Industriemaschinenmechaniker und -schlosser,7,0.626,7233
"Baukonstruktions- und verwandte Berufe, anderweitig nicht genannt",7,0.5187,7119
Führungskräfte in Vertrieb und Marketing,1,0.2345,1221
Prozess- und Produktionsingenieure,2,0.7376,2141
Fachkräfte in Marketing und Werbung,2,0.2514,2431
"Mathematiker, Aktuare und Statistiker",2,0.2953,2120
"Bergbauingenieure, Metallurgen und verwandte Berufe",2,0.6233,2146
"Ingenieure, anderweitig nicht genannt",2,0.6233,2149
Automatiker und verwandte Berufe,7,0.552,7412
"Metzger, Fischhändler und -verarbeiter und verwandte Berufe",7,0.6938,7511
Universitäts- und Hochschullehrer,2,0.2418,2310
Chemiker,2,0.2609,2113
"Bergbauingenieure, Metallurgen und verwandte Berufe",2,0.2609,2146
Technische Zeichner,3,0.8438,3118
"Maschinenbautechniker, Techniker im Bereich Systemtechnik, Automation und Unternehmensprozesse",3,0.5898,3115
Medizintechniker im Bereich Labor und Pathologie,3,0.2444,3212
"Ingenieure, anderweitig nicht genannt",2,0.7088,2149
Medizintechniker im Bereich Labor und Pathologie,3,0.7458,3212
Führungskräfte in der Gesundheitsversorgung,1,0.2678,1342
Führungskräfte in der Erbringung von Dienstleistungen für Menschen im Alter,1,0.2678,1343
Medizinische Assistenten,3,0.2987,3256
"Biologen, Botaniker, Zoologen und verwandte Berufe",2,0.3063,2131
"Uhrmacher, Uhrenarbeiter, Mikromechaniker",7,0.5176,7311
Sekretariatsfachkräfte im Gesundheitswesen,3,0.4112,3344
Konferenz- und Veranstaltungsplaner,3,0.2813,3332
Sekretariatsfachkräfte im Gesundheitswesen,3,0.4762,3344
Sozialarbeiter,2,0.2022,2635
"Zählerableser, Automatenbefüller und -kassierer",9,0.7687,9623
Steuerer von Verfahren in der Metallerzeugung,3,0.645,3135
Bediener von Anlagen in der Metallerzeugung und -umformung,8,0.645,8121
"Biologen, Botaniker, Zoologen und verwandte Berufe",2,0.3301,2131
Lehrkräfte im Primarbereich,2,0.3038,2341
Fachkräfte Geburtshilfe (mittlere Stufe),3,0.1731,3222
Fachkräfte in traditioneller und komplementärer Medizin,3,0.1731,3230
"Assistenzberufe im Gesundheitswesen, anderweitig nicht genannt",3,0.1731,3259
"Ingenieure, anderweitig nicht genannt",2,0.5285,2149
"Bediener von Maschinen zur Herstellung und Verarbeitung von Zement, Steinen und sonstigen Mineralien",8,0.6612,8114
Werkzeugmaschineneinrichter und -bediener,7,0.6253,7223
"Bergbauingenieure, Metallurgen und verwandte Berufe",2,0.6301,2146
Landmaschinen- und Industriemaschinenmechaniker und -schlosser,7,0.5029,7233
Landmaschinen- und Industriemaschinenmechaniker und -schlosser,7,0.2564,7233
Bestatter und Einbalsamierer,5,0.5721,5163
Mannequins/Dressmen und sonstige Modelle,5,0.9011,5241
Möbeltischler und verwandte Berufe,7,0.4117,7522
"Biologen, Botaniker, Zoologen und verwandte Berufe",2,0.3407,2131
"Hilfsarbeitskräfte, anderweitig nicht genannt",9,0.6855,9629
Kraftfahrzeugmechaniker und -schlosser,7,0.3139,7231
"Musiker, Sänger und Komponisten",2,0.4038,2652
Kraftfahrzeugmechaniker und -schlosser,7,0.4755,7231
Werkzeugmaschineneinrichter und -bediener,7,0.6711,7223
Deckspersonal auf Schiffen und verwandte Berufe,8,0.693,8350
Musikinstrumentenbauer und -stimmer,7,0.4608,7312
"Ingenieure, anderweitig nicht genannt",2,0.747,2149
"Musiker, Sänger und Komponisten",2,0.6215,2652
Kinderbetreuer,5,0.4147,5311
Führungskräfte in Forschung und Entwicklung,1,0.5205,1223
"Assistenzberufe im Gesundheitswesen, anderweitig nicht genannt",3,0.2236,3259
"Maschinenbautechniker, Techniker im Bereich Systemtechnik, Automation und Unternehmensprozesse",3,0.2632,3115
Chemiebetriebs- und Verfahrenstechniker,3,0.2632,3116
Bergbau- und Hüttentechniker,3,0.2632,3117
"Material- und ingenieurtechnische Fachkräfte, anderweitig nicht genannt",3,0.2632,3119
"Material- und ingenieurtechnische Fachkräfte, anderweitig nicht genannt",3,0.1872,3119
"Ingenieure, anderweitig nicht genannt",2,0.6118,2149
Steuerer von Energieerzeugungsanlagen,3,0.2516,3131
Medizintechniker im Bereich bildgebende Verfahren und Therapiegeräte,3,0.4619,3211
"Bürokräfte in der Statistik, im Finanz- und Versicherungswesen",4,0.3359,4312
Pflegedienstleiter und Pflegefachkräfte,2,0.3514,2221
Universitäts- und Hochschullehrer,2,0.2884,2310
"Spezialisten in Gesundheitsberufen, anderweitig nicht genannt",2,0.1882,2269
"Assistenzberufe im Gesundheitswesen, anderweitig nicht genannt",3,0.4105,3259
"Betreuungsberufe im Gesundheitswesen, anderweitig nicht genannt",5,0.5411,5329
"Führer von Erdbewegungs- und verwandten Maschinen, Strassenbau und Baumaschinen",8,0.7581,8342
Spezialisten in der strategischen Planung in Politik und Wirtschaft,2,0.4281,2422
"Fachkräfte für unternehmensbezogene Dienstleistungen, anderweitig nicht genannt",3,0.4281,3339
Medizinische Assistenten,3,0.3721,3256
"Mathematiker, Aktuare und Statistiker",2,0.3166,2120
"Assistenzberufe im Gesundheitswesen, anderweitig nicht genannt",3,0.4346,3259
Augenoptiker,3,0.4535,3254
Optometristen und Orthoptisten,2,0.204,2267
Zahnärzte,2,0.4304,2261
Zahnärzte,2,0.3635,2261
"Bürokräfte und verwandte Berufe, anderweitig nicht genannt",4,0.4053,4419
"Bediener von Verpackungs-, Abfüll- und Etikettiermaschinen",8,0.7135,8183
Automatiker und verwandte Berufe,7,0.6845,7412
Verpacker,9,0.7302,9321
Maler und verwandte Berufe,7,0.5825,7131
Bediener von Anlagen zur Zellstoff- und Papierherstellung,8,0.7772,8171
"Schutzkräfte und Sicherheitsbedienstete, anderweitig nicht genannt",5,0.5979,5419
"Hilfsarbeitskräfte, anderweitig nicht genannt",9,0.4577,9629
"Schildermaler, Dekormaler, Graveure und Ätzer",7,0.6791,7316
Verkäufer  in Handelsgeschäften,5,0.5584,5223
Fachkräfte für Rechts- und verwandte Angelegenheiten,3,0.4582,3411
Maler und verwandte Berufe,7,0.6836,7131
"Assistenzberufe im Gesundheitswesen, anderweitig nicht genannt",3,0.2466,3259
"Führer von Erdbewegungs- und verwandten Maschinen, Strassenbau und Baumaschinen",8,0.7276,8342
Reisebegleiter und Stewards,5,0.3217,5111
Schaffner,5,0.3217,5112
Bürokräfte in der Lohnbuchhaltung,4,0.5146,4313
Finanz- und Anlageberater,2,0.2805,2412
Steuerer von Erdöl- und Erdgasraffinationsanlagen,3,0.6571,3134
"Bergbauingenieure, Metallurgen und verwandte Berufe",2,0.3183,2146
Apotheker,2,0.2393,2262
"Ingenieure, anderweitig nicht genannt",2,0.7237,2149
Fotografen,3,0.6942,3431
Universitäts- und Hochschullehrer,2,0.2323,2310
Bediener von Anlagen für fotografische Erzeugnisse,8,0.6932,8132
"Maschinenbautechniker, Techniker im Bereich Systemtechnik, Automation und Unternehmensprozesse",3,0.6701,3115
Chemiebetriebs- und Verfahrenstechniker,3,0.6701,3116
Bergbau- und Hüttentechniker,3,0.6701,3117
"Material- und ingenieurtechnische Fachkräfte, anderweitig nicht genannt",3,0.6701,3119
Physiotherapeutische Techniker und Assistenten,3,0.6201,3255
Pharmazeutische Techniker und Assistenten,3,0.6436,3213
Universitäts- und Hochschullehrer,2,0.315,2310
"Führer von Erdbewegungs- und verwandten Maschinen, Strassenbau und Baumaschinen",8,0.7388,8342
Physiker und Astronomen,2,0.5213,2111
Physiotherapeuten,2,0.2506,2264
Feldscher und vergleichbare paramedizinische Praktiker,2,0.2127,2240
Bauspengler und Sanitär- und Heizungsinstallateure,7,0.4864,7126
"Gipser, Trockenbauer",7,0.7365,7123
Bauspengler und Sanitär- und Heizungsinstallateure,7,0.3639,7126
"Bediener von Anlagen zur Metallveredlung, Plattierung und Beschichtung von Metallen",8,0.6317,8122
Bediener von Maschinen zur Herstellung von Kunststoffwaren,8,0.6317,8142
Polizeikommissare und Kriminalbeamte,3,0.2442,3355
Autoren und verwandte schriftstellerische Berufe,2,0.467,2641
Fachkräfte im Zolldienst und Grenzschutz,3,0.0905,3351
Polizisten (ohne Polizeikommissare),5,0.0905,5412
Postverteiler und -sortierer,4,0.544,4412
Universitäts- und Hochschullehrer,2,0.4156,2310
Postverteiler und -sortierer,4,0.4695,4412
"Philosophen, Historiker und Politologen",2,0.1999,2633
Postverteiler und -sortierer,4,0.5051,4412
Keramiker und verwandte Berufe,7,0.6656,7314
"Glasmacher, -schneider, -schleifer und -veredler",7,0.6656,7315
Tabakaufbereiter und Tabakwarenmacher,7,0.6656,7516
Bediener von Anlagen zur Glas- und Keramikherstellung,8,0.6656,8181
"Führungskräfte in der betrieblichen Administration und in unternehmensbezogenen Dienstleistungen, anderweitig nicht genannt",1,0.1885,1219
Steuerer von Energieerzeugungsanlagen,3,0.3314,3131
Steuerer von Energieerzeugungsanlagen,3,0.4029,3131
Techniker in der Druckvorstufe,7,0.7451,7321
Handwäscher und Handbügler,9,0.8804,9121
Lehrkräfte und Erzieher im Vorschulbereich,2,0.3275,2342
Berufe in der Druckweiterverarbeitung und Buchbinder,7,0.5533,7323
Drucker,7,0.6896,7322
Fachkräfte für Rechts- und verwandte Angelegenheiten,3,0.2668,3411
Sozialarbeiter,2,0.1749,2635
"Kodierer, Korrekturleser und verwandte Bürokräfte",4,0.3158,4413
Allgemeine Bürokräfte,4,0.3533,4110
Zahnärzte,2,0.4808,2261
Immobilienmakler und -verwalter,3,0.2058,3334
"Assistenzberufe im Gesundheitswesen, anderweitig nicht genannt",3,0.2567,3259
Universitäts- und Hochschullehrer,2,0.2536,2310
"Schutzkräfte und Sicherheitsbedienstete, anderweitig nicht genannt",5,0.2822,5419
Steuerer von Verbrennungs- und Wasserbehandlungsanlagen,3,0.7471,3132
Steuerer von Erdöl- und Erdgasraffinationsanlagen,3,0.7471,3134
Einkäufer,3,0.2504,3323
Chemo- und Physikotechniker,3,0.3492,3111
"Material- und ingenieurtechnische Fachkräfte, anderweitig nicht genannt",3,0.3492,3119
"Führungskräfte in der betrieblichen Administration und in unternehmensbezogenen Dienstleistungen, anderweitig nicht genannt",1,0.2524,1219
Installateure und Servicetechniker im Bereich Informations- und Kommunikationstechnik,7,0.3072,7422
Ingenieure im Bereich Telekommunikationstechnik,2,0.3769,2153
Führungskräfte in der Produktion von Waren,1,0.4002,1321
Medizintechniker im Bereich bildgebende Verfahren und Therapiegeräte,3,0.5315,3211
Medizintechniker im Bereich bildgebende Verfahren und Therapiegeräte,3,0.2839,3211
Lokomotivführer,8,0.5917,8311
Hilfsarbeiter im Tiefbau,9,0.7114,9312
"Bediener von Sicherungs-, Signal- und Leittechnik im Schienennetzbetrieb",8,0.4613,8312
Immobilienmakler und -verwalter,3,0.4193,3334
Immobilienmakler und -verwalter,3,0.1993,3334
"Hilfsarbeiter bei der Herstellung von Waren, anderweitig nicht genannt",9,0.82,9329
Frachtarbeiter und verwandte Berufe,9,0.82,9333
Wasserträger und Brennholzsammler,9,0.82,9624
Auskunftspersonal,4,0.5775,4225
Empfangskräfte (allgemein),4,0.5775,4226
Maurer und verwandte Berufe,7,0.6983,7112
Landmaschinen- und Industriemaschinenmechaniker und -schlosser,7,0.6983,7233
Universitäts- und Hochschullehrer,2,0.3812,2310
Kraftfahrzeugmechaniker und -schlosser,7,0.6174,7231
Pflegedienstleiter und Pflegefachkräfte,2,0.2049,2221
Arbeiter in der Abfall- und Wertstoffsammlung,9,0.7105,9611
Arbeiter in der Abfallsortierung,9,0.7105,9612
Chemo- und Physikotechniker,3,0.4288,3111
"Material- und ingenieurtechnische Fachkräfte, anderweitig nicht genannt",3,0.4288,3119
Leitende Bedienstete von Interessenorganisationen,1,0.2603,1114
Führungskräfte in Unternehmenspolitik und -planung,1,0.2603,1213
"Führungskräfte in der betrieblichen Administration und in unternehmensbezogenen Dienstleistungen, anderweitig nicht genannt",1,0.2603,1219
Führungskräfte in der Produktion im Bergbau,1,0.2603,1322
"Führungskräfte in der Erbringung von spezialisierten Dienstleistungen, anderweitig nicht genannt",1,0.2603,1349
"Führungskräfte in der Erbringung von Dienstleistungen im Bereich Sport, Erholung und Kultur",1,0.2603,1431
"Führungskräfte in der Erbringung von Dienstleistungen, anderweitig nicht genannt",1,0.2603,1439
Baumetallverformer und Metallbauer,7,0.7981,7214
Fachkräfte im Zolldienst und Grenzschutz,3,0.3038,3351
Fachkräfte in Sozialverwaltung und -versicherung,3,0.3038,3353
"Fachkräfte bei staatlichen Pass-, Lizenz- und Genehmigungsstellen",3,0.3038,3354
Reiseverkehrsfachkräfte,4,0.4954,4221
"Ingenieure, anderweitig nicht genannt",2,0.6582,2149
Verspannungsmonteure und Seilspleisser,7,0.6312,7215
"Schutzkräfte und Sicherheitsbedienstete, anderweitig nicht genannt",5,0.2533,5419
Elektrotechniker,3,0.3278,3113
"Maschinenbautechniker, Techniker im Bereich Systemtechnik, Automation und Unternehmensprozesse",3,0.3278,3115
Verkäufer  in Handelsgeschäften,5,0.7058,5223
Werkzeugmaschineneinrichter und -bediener,7,0.5136,7223
Bediener von Anlagen in der Metallerzeugung und -umformung,8,0.5136,8121
Bediener von Maschinen zur Herstellung von Kunststoffwaren,8,0.5136,8142
Bergleute und Grubenarbeiter,8,0.6863,8111
Fachkräfte in Marketing und Werbung,2,0.549,2431
Führungskräfte in Vertrieb und Marketing,1,0.2482,1221
Sekretariatskräfte (allgemein),4,0.5575,4120
Bediener von Anlagen zur Holzaufbereitung,8,0.6286,8172
Tiefbohrer und verwandte Berufe,8,0.4814,8113
Lehrkräfte im Sekundarbereich,2,0.2185,2330
Deckspersonal auf Schiffen und verwandte Berufe,8,0.7784,8350
Technische Verkaufsfachkräfte (ohne Informations- und Kommunikationstechnologie),2,0.4904,2433
Technische Verkaufsfachkräfte in der Informations- und Kommunikationstechnologie,2,0.4904,2434
Technische Verkaufsfachkräfte in der Informations- und Kommunikationstechnologie,2,0.5206,2434
Tiefbohrer und verwandte Berufe,8,0.7423,8113
Sicherheitsdienstleistungspersonal,5,0.3598,5414
"Betonierer, Betonoberflächenfertiger und verwandte Berufe",7,0.5783,7114
"Wertpapierhändler, -makler und Finanzmakler",3,0.2974,3311
Handelsmakler,3,0.2974,3324
Sprachlehrer,2,0.6608,2353
Musiklehrer,2,0.6608,2354
Kunstlehrer,2,0.6608,2355
Automatiker und verwandte Berufe,7,0.329,7412
"Bediener stationärer Anlagen und Maschinen, anderweitig nicht genannt",8,0.5578,8189
Kosmetiker und verwandte Berufe,5,0.5476,5142
Technische Schiffsoffiziere,3,0.3618,3151
Sonstiges Reinigungspersonal,9,0.6684,9129
Kosmetiker und verwandte Berufe,5,0.6594,5142
Automatiker und verwandte Berufe,7,0.4819,7412
Universitäts- und Hochschullehrer,2,0.1305,2310
"Statistische, mathematische und verwandte Fachkräfte",3,0.5128,3314
Führungskräfte in der Erbringung von Dienstleistungen der sozialen Institutionen,1,0.3188,1344
"Soziologen, Anthropologen und verwandte Wissenschaftler",2,0.1742,2632
"Metzger, Fischhändler und -verarbeiter und verwandte Berufe",7,0.6572,7511
"Ingenieure, anderweitig nicht genannt",2,0.4951,2149
"Näher, Sticker und verwandte Berufe",7,0.7978,7533
Bediener von Maschinen zur Schuhherstellung und verwandte Berufe,8,0.7543,8156
Molkerei- und Käsereifachkräfte,7,0.7036,7513
Bediener von Anlagen und Maschinen für chemische Erzeugnisse,8,0.7036,8131
"Baukonstruktions- und verwandte Berufe, anderweitig nicht genannt",7,0.3829,7119
Bauelektriker und verwandte Berufe,7,0.3829,7411
Poliere und Vorarbeiter,3,0.3988,3123
Raumgestalter und Dekorateure,3,0.3867,3432
Tiefbohrer und verwandte Berufe,8,0.473,8113
Soziale Fachkräfte,3,0.2397,3412
Universitäts- und Hochschullehrer,2,0.2297,2310
Blechkaltverformer,7,0.526,7213
"Biologen, Botaniker, Zoologen und verwandte Berufe",2,0.3007,2131
"Agrar-, Forst- und Fischereiwissenschaftler und -berater",2,0.3007,2132
"Kunsthandwerkliche Berufe für Textilien, Leder und verwandte Materialien",7,0.6052,7318
"Näher, Sticker und verwandte Berufe",7,0.6052,7533
Schuhmacher und verwandte Berufe,7,0.6052,7536
Audiologen und Sprachtherapeuten,2,0.2702,2266
Lehrkräfte im Bereich Sonderpädagogik,2,0.1611,2352
Bauspengler und Sanitär- und Heizungsinstallateure,7,0.3591,7126
"Assistenzberufe im Gesundheitswesen, anderweitig nicht genannt",3,0.4036,3259
"Betreuungsberufe im Gesundheitswesen, anderweitig nicht genannt",5,0.4036,5329
Technische Verkaufsfachkräfte (ohne Informations- und Kommunikationstechnologie),2,0.3936,2433
Technische Verkaufsfachkräfte in der Informations- und Kommunikationstechnologie,2,0.3936,2434
"Statistische, mathematische und verwandte Fachkräfte",3,0.4663,3314
Bediener von Dampfmaschinen und -kesseln,8,0.4731,8182
Baumetallverformer und Metallbauer,7,0.7293,7214
"Führungskräfte in der Beschaffung, Logistik und in verwandten Bereichen",1,0.3637,1324
"Mathematiker, Aktuare und Statistiker",2,0.2727,2120
Kartografen und Vermessungsingenieure,2,0.2103,2165
"Assistenzberufe im Gesundheitswesen, anderweitig nicht genannt",3,0.799,3259
Baumetallverformer und Metallbauer,7,0.6363,7214
Spezialisten in der strategischen Planung in Politik und Wirtschaft,2,0.3347,2422
"Fachkräfte für unternehmensbezogene Dienstleistungen, anderweitig nicht genannt",3,0.3347,3339
"Steinmetze, Steinspalter, -bearbeiter und Steinbildhauer",7,0.7852,7113
"Mathematiker, Aktuare und Statistiker",2,0.335,2120
Keramiker und verwandte Berufe,7,0.7176,7314
"Glasmacher, -schneider, -schleifer und -veredler",7,0.7176,7315
Tabakaufbereiter und Tabakwarenmacher,7,0.7176,7516
Bediener von Anlagen zur Glas- und Keramikherstellung,8,0.7176,8181
Lokomotivführer,8,0.2812,8311
Busfahrer und Strassenbahnführer,8,0.2812,8331
"Montageberufe, anderweitig nicht genannt",8,0.6475,8219
"Wirtschaftsprüfer, Steuerberater und verwandte Berufe",2,0.2737,2411
Frachtarbeiter und verwandte Berufe,9,0.8433,9333
"Herren- und Damenschneider, Kürschner und Hutmacher",7,0.8754,7531
Installateure und Servicetechniker im Bereich Informations- und Kommunikationstechnik,7,0.327,7422
Fachkräfte in der Steuerverwaltung,3,0.118,3352
Autoren und verwandte schriftstellerische Berufe,2,0.174,2641
"Gipser, Trockenbauer",7,0.5104,7123
Telefonverkäufer,5,0.5418,5244
Installateure und Servicetechniker im Bereich Informations- und Kommunikationstechnik,7,0.6192,7422
"Betonierer, Betonoberflächenfertiger und verwandte Berufe",7,0.7735,7114
Bediener von Bleich- und Färbemaschinen,8,0.6043,8154
"Bediener von Web-, Strick- und Wirkmaschinen",8,0.6171,8152
Schalterbedienstete und Fachkräfte im Bereich Finanzdienstleistungen,4,0.524,4211
Telefonisten,4,0.6503,4223
Boden- und Fliesenleger,7,0.7093,7122
"Bediener von Spinnstoffaufbereitungs-, Spinn- und Spulmaschinen",8,0.6791,8151
Schnittmustermacher und Zuschneider,7,0.7289,7532
Bediener von Maschinen zur Herstellung von Gummiwaren,8,0.7433,8141
Fachkräfte für Rechts- und verwandte Angelegenheiten,3,0.234,3411
Kraftfahrzeugmechaniker und -schlosser,7,0.5172,7231
"Material- und ingenieurtechnische Fachkräfte, anderweitig nicht genannt",3,0.6216,3119
Werkzeugmechaniker und verwandte Berufe,7,0.9086,7222
"Metallpolierer, Rundschleifer und Werkzeugschärfer",7,0.8232,7224
Reiseleiter/Fremdenführer,5,0.5802,5113
Führungskräfte im Personalwesen,1,0.2072,1212
Polizisten (ohne Polizeikommissare),5,0.3241,5412
"Philosophen, Historiker und Politologen",2,0.2794,2633
Kontrolleure und Beauftragte in den Bereichen Umwelt- und Arbeitsmedizin sowie verwandte Berufe,3,0.7086,3257
"Fachkräfte für unternehmensbezogene Dienstleistungen, anderweitig nicht genannt",3,0.5379,3339
Reiseverkehrsfachkräfte,4,0.5379,4221
Reiseleiter/Fremdenführer,5,0.5095,5113
Führungskräfte im Bereich Finanzen,1,0.2635,1211
Führungskräfte in der Erbringung von Finanz- und Versicherungsdienstleistungen,1,0.2635,1346
Polsterer und verwandte Berufe,7,0.7855,7534
"Sportlehrer, Sporttrainer und Sportfunktionäre",3,0.5484,3422
"Raum-, Stadt- und Verkehrsplaner",2,0.2386,2164
"Hilfsarbeitskräfte, anderweitig nicht genannt",9,0.4444,9629
Prozess- und Produktionsingenieure,2,0.2572,2141
Veterinärmedizinische Fachkräfte und Assistenten,3,0.7021,3240
Tierpfleger und -betreuer,5,0.7021,5164
Tierärzte,2,0.3302,2250
Veterinärmedizinische Fachkräfte und Assistenten,3,0.3368,3240
Steuerer von Verbrennungs- und Wasserbehandlungsanlagen,3,0.501,3132
"Uhrmacher, Uhrenarbeiter, Mikromechaniker",7,0.8002,7311
Führungskräfte in Forschung und Entwicklung,1,0.3595,1223
"Baukonstruktions- und verwandte Berufe, anderweitig nicht genannt",7,0.5582,7119
Fachkräfte in der Lagerwirtschaft,4,0.5489,4321
Einkäufer,3,0.2581,3323
Tiefbohrer und verwandte Berufe,8,0.6908,8113
Schweisser und Brennschneider,7,0.6834,7212
Landmaschinen- und Industriemaschinenmechaniker und -schlosser,7,0.4534,7233
Leitende Bedienstete von Interessenorganisationen,1,0.3607,1114
Führungskräfte in Unternehmenspolitik und -planung,1,0.3607,1213
"Führungskräfte in der betrieblichen Administration und in unternehmensbezogenen Dienstleistungen, anderweitig nicht genannt",1,0.3607,1219
Führungskräfte in der Produktion im Bergbau,1,0.3607,1322
"Führungskräfte in der Erbringung von spezialisierten Dienstleistungen, anderweitig nicht genannt",1,0.3607,1349
"Führungskräfte in der Erbringung von Dienstleistungen im Bereich Sport, Erholung und Kultur",1,0.3607,1431
"Führungskräfte in der Erbringung von Dienstleistungen, anderweitig nicht genannt",1,0.3607,1439
"Ingenieure, anderweitig nicht genannt",2,0.4964,2149
Leitende Bedienstete von Interessenorganisationen,1,0.1873,1114
Führungskräfte in Unternehmenspolitik und -planung,1,0.1873,1213
"Führungskräfte in der betrieblichen Administration und in unternehmensbezogenen Dienstleistungen, anderweitig nicht genannt",1,0.1873,1219
Führungskräfte in der Produktion im Bergbau,1,0.1873,1322
"Führungskräfte in der Erbringung von spezialisierten Dienstleistungen, anderweitig nicht genannt",1,0.1873,1349
"Führungskräfte in der Erbringung von Dienstleistungen im Bereich Sport, Erholung und Kultur",1,0.1873,1431
"Führungskräfte in der Erbringung von Dienstleistungen, anderweitig nicht genannt",1,0.1873,1439
Schreibkräfte und Bediener von Textverarbeitungsanlagen,4,0.5625,4131
Einrichter und Bediener von Holzbearbeitungsmaschinen,7,0.7622,7523
"Biologen, Botaniker, Zoologen und verwandte Berufe",2,0.359,2131
Autoren und verwandte schriftstellerische Berufe,2,0.5321,2641
